Ramon;Pena,Tony;Pena,
Rickie;Weeks Jr.,Rickie;Weeks,
Tony;Gwynn Jr.,Tony;Gwynn,
Al;Reyes,Alberto;Reyes,
Masa;Kobayashi,Masahide;Kobayashi,
Cha Seung;Baek,Cha-Seung;Baek,
Michael;Morse,Mike;Morse,
B.J.;Upton,Melvin;Upton,
Michael;O'Connor,Mike;O'Connor,
Matt;Joyce,Matthew;Joyce,
Robinson;Tejeda,Rob;Tejeda,
Daniel;Herrera,Danny;Herrera,
Abraham O.;Nunez,Abraham;Nunez,
Michael;Gonzalez,Mike;Gonzalez,
Luis Antonio;Gonzalez,Luis;Gonzalez,
Luis Antonio;Rodriguez,Luis;Rodriguez,
Joselo;Diaz,Jose;Diaz,
Ramon A.;Ramirez,Ramon;Ramirez,
Jonathon;Niese,Jon;Niese,
Luis Alfonso;Cruz,Luis;Cruz,
Lou;Montanez,Luis;Montanez,
Juan;Gutierrez,J.C.;Gutierrez,
Howard;Kendrick,Howie;Kendrick,
Andrew;Carpenter,Drew;Carpenter,
David;Davidson,Dave;Davidson,
Bob;Keppel,Bobby;Keppel,
Bobby;Mosebach,Robert;Mosebach,
Eric;Young Jr.,Eric;Young,
Henry Alberto;Rodriguez,Henry;Rodriguez,
Matt;Bowman,Matthew;Bowman,
Yolmer;Sanchez,Carlos;Sanchez,
Nicky;Delmonico,Nick;Delmonico,
Nicholas;Castellanos,Nick;Castellanos,
Michael A.;Taylor,Michael;Taylor,
Phillip;Ervin,Phil;Ervin,
Daniel;Vogelbach,Dan;Vogelbach,
Nestor;Cortes ,Nestor;Cortes,
Phil;Gosselin,Philip;Gosselin,
JC;Ramirez,J.C.;Ramirez,
Mike;Wright Jr.,Mike;Wright,
Lourdes;Gurriel Jr.,Lourdes;Gurriel,
Austin L.;Adams,Austin;Adams,
Steven;Souza Jr.,Steven;Souza,
Raffy;Lopez,Rafael;Lopez,
Jose A.;Valdez,Jose;Valdez,
Christopher;Flexen,Chris;Flexen,
Jose Miguel;Fernandez,Jose;Fernandez,
Zach;Britton,Zack;Britton,
Rob;Whalen,Robert;Whalen,
Matthew;den Dekker,Matt;den Dekker,
Jackie;Bradley Jr.,Jackie;Bradley,
Jose Manuel;Fernandez,Jose;Fernandez,
Norichika;Aoki,Nori;Aoki,
Josh A.;Smith,Josh;Smith,
TJ;House,T.J.;House,
Fernando;Rodriguez Jr.,Fernando;Rodriguez,
Justin;DeFratus,Justin;De Fratus,
Samuel;Deduno,Sam;Deduno,
Steve;Tolleson,Steven;Tolleson,
Danny;Muno,Daniel;Muno,
Ken;Roberts,Kenny;Roberts,
Tommy;Field,Thomas;Field,
Nate;Adcock,Nathan;Adcock,
Juan Carlos;Perez,Juan;Perez,
Michael;Ryan,Mike;Ryan,
Hong-Chih;Kuo,Hung-Chih;Kuo,
Mike;Stanton,Giancarlo;Stanton,
Russell;Mitchell,Russ;Mitchell,
Ozzie;Martinez,Osvaldo;Martinez,
Henry ;Rodriguez,Henry;Rodriguez,
Tony;GwynnJr.,Tony;Gwynn,
Juan Pablo;Perez,Juan;Perez,
J.B.;Shuck,JB;Shuck,
Valentino;Pascucci,Val;Pascucci,
Henry Alejandro;Rodriguez,Henry;Rodriguez,
A.J.;Ramos,AJ;Ramos,
Joseph;Ortiz,Joe;Ortiz,
Nathan;Karns,Nate;Karns,
Juan ;Perez,Juan;Perez,
Charlie;Leesman,Charles;Leesman,
Reymond;Fuentes,Rey;Fuentes,
Miguel Alfredo;Gonzalez,Miguel;Gonzalez,
Daniel;Coulombe,Danny;Coulombe,